,precision,recall,f1-score,support
0.0,0.9880886426592798,0.9843801744121867,0.9862309223623091,18118.0
1.0,0.7411347517730497,0.7517985611510791,0.7464285714285714,556.0
2.0,0.9237576582709326,0.9371546961325967,0.930407953376757,1448.0
3.0,0.6467661691542289,0.8024691358024691,0.7162534435261709,162.0
accuracy,0.9731808321830013,0.9731808321830013,0.9731808321830013,0.9731808321830013
macro avg,0.8249368054643726,0.8689506418745829,0.8448302226734521,20284.0
weighted avg,0.9740010924012,0.9731808321830013,0.973516560412906,20284.0
