,f1-score,precision,recall,support
0.0,0.9534595265059591,0.9320961619569802,0.9758251462633845,18118.0
1.0,0.05723905723905724,0.4473684210526316,0.030575539568345324,556.0
2.0,0.5686050931204865,0.63229078613694,0.5165745856353591,1448.0
3.0,0.35019455252918286,0.47368421052631576,0.2777777777777778,162.0
accuracy,0.9115559061329126,0.9115559061329126,0.9115559061329126,0.9115559061329126
macro avg,0.4823745573486714,0.6213598949182169,0.45018826231121667,20284.0
weighted avg,0.8966020661313387,0.8937462534447536,0.9115559061329126,20284.0
