,f1-score,precision,recall,support
0.0,0.9586689275116574,0.9218383776622847,0.9985649630202009,18118.0
1.0,0.0,0.0,0.0,556.0
2.0,0.5878442545109211,0.9407294832826748,0.42748618784530384,1448.0
3.0,0.0,0.0,0.0,162.0
accuracy,0.9224511930585684,0.9224511930585684,0.9224511930585684,0.9224511930585684
macro avg,0.38662829550564465,0.4656419652362399,0.3565127877163762,20284.0
weighted avg,0.8982627740676407,0.8905563014335726,0.9224511930585684,20284.0
