,f1-score,precision,recall,support
0.0,0.9437886303949916,0.9085755145819501,0.9818412628325422,18118.0
1.0,0.003584229390681004,0.5,0.0017985611510791368,556.0
2.0,0.33597021870637506,0.514978601997147,0.24930939226519336,1448.0
3.0,0.0,0.0,0.0,162.0
accuracy,0.8948432261881286,0.8948432261881286,0.8948432261881286,0.8948432261881286
macro avg,0.3208357696230119,0.48088852914477426,0.3082373040622037,20284.0
weighted avg,0.8670893370994136,0.8620222928854091,0.8948432261881286,20284.0
