,f1-score,precision,recall,support
0.0,0.9463592167087646,0.9316079354045238,0.9615851639253781,18118.0
1.0,0.05806451612903226,0.28125,0.03237410071942446,556.0
2.0,0.5544621649134713,0.5450300200133422,0.5642265193370166,1448.0
3.0,0.10989010989010987,0.5,0.06172839506172839,162.0
accuracy,0.9005620193255768,0.9005620193255768,0.9005620193255768,0.9005620193255768
macro avg,0.4171940019103445,0.5644719888544665,0.4049785447608869,20284.0
weighted avg,0.8873537552698698,0.8827376771168646,0.9005620193255768,20284.0
