,f1-score,precision,recall,support
0.0,0.9788732394366197,0.9757595700340024,0.982006844022519,18118.0
1.0,0.6421663442940039,0.694560669456067,0.5971223021582733,556.0
2.0,0.8490107601527247,0.8534542916957432,0.8446132596685083,1448.0
3.0,0.6777408637873754,0.7338129496402878,0.6296296296296297,162.0
accuracy,0.9588345493985407,0.9588345493985407,0.9588345493985407,0.9588345493985407
macro avg,0.7869478019176809,0.8143968702065251,0.7633430088697326,20284.0
weighted avg,0.9579684204385152,0.957388440855393,0.9588345493985407,20284.0
