,f1-score,precision,recall,support
0.0,0.9410847967049787,0.9490878473196744,0.9332155867093498,18118.0
1.0,0.5021276595744681,0.4765751211631664,0.5305755395683454,556.0
2.0,0.5236612702366127,0.4767573696145125,0.5808011049723757,1448.0
3.0,0.3951612903225806,0.5697674418604651,0.30246913580246915,162.0
accuracy,0.8919838296194045,0.8919838296194045,0.8919838296194045,0.8919838296194045
macro avg,0.59050875420966,0.6180469449894546,0.586765341763135,20284.0
weighted avg,0.8948942503332222,0.8993885023608653,0.8919838296194045,20284.0
