,f1-score,precision,recall,support
0.0,0.9434932883208746,0.9167925019526165,0.9717960039739486,18118.0
1.0,0.017513134851138354,0.3333333333333333,0.008992805755395683,556.0
2.0,0.42914012738853496,0.506578947368421,0.3722375690607735,1448.0
3.0,0.0,0.0,0.0,162.0
accuracy,0.8948432261881286,0.8948432261881286,0.8948432261881286,0.8948432261881286
macro avg,0.347536637640137,0.43917619566359273,0.33825659469752944,20284.0
weighted avg,0.8738583911079391,0.8641937586028551,0.8948432261881286,20284.0
