,f1-score,precision,recall,support
0.0,0.9892709162253382,0.9836834924965894,0.9949221768407109,18118.0
1.0,0.7760891590678825,0.888631090487239,0.6888489208633094,556.0
2.0,0.9290504765266503,0.9501805054151624,0.9088397790055248,1448.0
3.0,0.740983606557377,0.7902097902097902,0.6975308641975309,162.0
accuracy,0.9780122263853284,0.9780122263853284,0.9780122263853284,0.9780122263853284
macro avg,0.8588485395943121,0.9031762196521953,0.822535435226769,20284.0
weighted avg,0.977145556442778,0.9771411832586891,0.9780122263853284,20284.0
