,f1-score,precision,recall,support
0.0,0.7551474142097632,0.9071765889912519,0.6467601280494536,18118.0
1.0,0.11377010592389172,0.07275464124435524,0.2607913669064748,556.0
2.0,0.24853801169590645,0.2639751552795031,0.23480662983425415,1448.0
3.0,0.06214689265536723,0.032305433186490456,0.8148148148148148,162.0
accuracy,0.6081147702622757,0.6081147702622757,0.6081147702622757,0.6081147702622757
macro avg,0.29490060612123215,0.3190529546754002,0.4892932349012493,20284.0
weighted avg,0.6958670808071393,0.8314014259956762,0.6081147702622757,20284.0
