,f1-score,precision,recall,support
0.0,0.9693718822077991,0.9428213689482471,0.9974610884203554,18118.0
1.0,0.06563039723661486,0.8260869565217391,0.0341726618705036,556.0
2.0,0.7800078709169619,0.9066788655077768,0.6843922651933702,1448.0
3.0,0.0,0.0,0.0,162.0
accuracy,0.9407414711102347,0.9407414711102347,0.9407414711102347,0.9407414711102347
macro avg,0.45375253759034395,0.6688967977444408,0.4290065038710573,20284.0
weighted avg,0.9233396598201647,0.9295115809350074,0.9407414711102347,20284.0
