,f1-score,precision,recall,support
0.0,0.9437567276641551,0.9208591534502678,0.967822055414505,18118.0
1.0,0.07566204287515763,0.12658227848101267,0.0539568345323741,556.0
2.0,0.4086112283663993,0.5255157437567861,0.3342541436464088,1448.0
3.0,0.3333333333333333,0.4880952380952381,0.25308641975308643,162.0
accuracy,0.8918359297968842,0.8918359297968842,0.8918359297968842,0.8918359297968842
macro avg,0.4403408330597613,0.5152631034458262,0.4022798633365936,20284.0
weighted avg,0.8768843199729983,0.8674089979579299,0.8918359297968842,20284.0
