,f1-score,precision,recall,support
0.0,0.937159715703366,0.9115145823550895,0.9642896566949994,18118.0
1.0,0.049132947976878616,0.125,0.030575539568345324,556.0
2.0,0.3188284518828452,0.40445859872611467,0.26312154696132595,1448.0
3.0,0.08955223880597016,0.23076923076923078,0.05555555555555555,162.0
accuracy,0.8813843423387892,0.8813843423387892,0.8813843423387892,0.8813843423387892
macro avg,0.348668338592265,0.41793560296260873,0.3283855746950566,20284.0
weighted avg,0.861908337073637,0.848321922177556,0.8813843423387892,20284.0
