,f1-score,precision,recall,support
0.0,0.9573292770794972,0.9267372771893567,0.9900099348713987,18118.0
1.0,0.02430555555555556,0.35,0.012589928057553957,556.0
2.0,0.5914297836232498,0.7667766776677668,0.481353591160221,1448.0
3.0,0.0,0.0,0.0,162.0
accuracy,0.9190001971997633,0.9190001971997633,0.9190001971997633,0.9190001971997633
macro avg,0.39326615406457566,0.5108784887142809,0.37098836352229336,20284.0
weighted avg,0.8979883680586515,0.8921079973072219,0.9190001971997633,20284.0
