,f1-score,precision,recall,support
0.0,0.9680891137060754,0.9444561108777825,0.9929352025609891,18118.0
1.0,0.47136563876651977,0.6079545454545454,0.38489208633093525,556.0
2.0,0.6867729426971134,0.9129438717067583,0.550414364640884,1448.0
3.0,0.12716763005780346,1.0,0.06790123456790123,162.0
accuracy,0.9372904752514297,0.9372904752514297,0.9372904752514297,0.9372904752514297
macro avg,0.563348831306878,0.8663386320097716,0.4990357220251774,20284.0
weighted avg,0.9276753221443328,0.9334264085184273,0.9372904752514297,20284.0
