,f1-score,precision,recall,support
0.0,0.606619681930556,0.9150617833685851,0.45369246053648304,18118.0
1.0,0.30434782608695654,0.6222222222222222,0.2014388489208633,556.0
2.0,0.32302231237322515,0.2552083333333333,0.4399171270718232,1448.0
3.0,0.0359622169113463,0.018318840579710144,0.9753086419753086,162.0
accuracy,0.44996056004732793,0.44996056004732793,0.44996056004732793,0.44996056004732793
macro avg,0.317488009325521,0.4527027948759627,0.5175892696261195,20284.0
weighted avg,0.5735316000778067,0.8527684019654981,0.44996056004732793,20284.0
