,f1-score,precision,recall,support
0.0,0.9508162245997739,0.9077448175475581,0.998178606910255,18118.0
1.0,0.0,0.0,0.0,556.0
2.0,0.3548922056384743,0.889196675900277,0.22168508287292818,1448.0
3.0,0.0,0.0,0.0,162.0
accuracy,0.9074147111023467,0.9074147111023467,0.9074147111023467,0.9074147111023467
macro avg,0.32642710755956206,0.44923537336195873,0.3049659224457958,20284.0
weighted avg,0.8746190234205884,0.8742889662310324,0.9074147111023467,20284.0
