,f1-score,precision,recall,support
0.0,0.945947357426363,0.8976608187134503,0.9997240313500386,18118.0
1.0,0.07599309153713299,0.9565217391304348,0.039568345323741004,556.0
2.0,0.10189418680600915,0.9397590361445783,0.05386740331491713,1448.0
3.0,0.0,0.0,0.0,162.0
accuracy,0.8978998225202129,0.8978998225202129,0.8978998225202129,0.8978998225202129
macro avg,0.28095865894237626,0.6984853984971159,0.2732899449971742,20284.0
weighted avg,0.8542925045967557,0.8951102289856123,0.8978998225202129,20284.0
