,f1-score,precision,recall,support
0.0,0.7847324256375093,0.9606683188104564,0.6632630533171432,18118.0
1.0,0.36538461538461536,0.3554421768707483,0.37589928057553956,556.0
2.0,0.5084473049074819,0.41560718982902234,0.6546961325966851,1448.0
3.0,0.05998421468034728,0.030982470444353854,0.9382716049382716,162.0
accuracy,0.656971011634786,0.656971011634786,0.656971011634786,0.656971011634786
macro avg,0.42963714015248844,0.4406750389886452,0.6580325178569099,20284.0
weighted avg,0.7477265368831832,0.8977436808140602,0.656971011634786,20284.0
