,f1-score,precision,recall,support
0.0,0.943596687672517,0.8932163281404062,1.0,18118.0
1.0,0.0,0.0,0.0,556.0
2.0,0.0,0.0,0.0,1448.0
3.0,0.0,0.0,0.0,162.0
accuracy,0.8932163281404062,0.8932163281404062,0.8932163281404062,0.8932163281404062
macro avg,0.23589917191812926,0.22330408203510155,0.25,20284.0
weighted avg,0.8428359686082953,0.7978354088566298,0.8932163281404062,20284.0
