,f1-score,precision,recall,support
0.0,0.9891900790166813,0.9834697217675941,0.9949773705707031,18118.0
1.0,0.7731434384537132,0.8899297423887588,0.6834532374100719,556.0
2.0,0.9283445111189552,0.9494584837545126,0.9081491712707183,1448.0
3.0,0.7368421052631579,0.7887323943661971,0.691358024691358,162.0
accuracy,0.9778150266219681,0.9778150266219681,0.9778150266219681,0.9778150266219681
macro avg,0.8568800334631269,0.9028975855692656,0.8194844509857129,20284.0
weighted avg,0.9769091341233175,0.976922494977188,0.9778150266219681,20284.0
