,f1-score,precision,recall,support
0.0,0.9510566712227947,0.9079092642778279,0.9985097692902086,18118.0
1.0,0.0,0.0,0.0,556.0
2.0,0.35658914728682173,0.8994413407821229,0.2223756906077348,1448.0
3.0,0.0,0.0,0.0,162.0
accuracy,0.9077598106882272,0.9077598106882272,0.9077598106882272,0.9077598106882272
macro avg,0.3269114546274041,0.4518376512649877,0.3052213649744859,20284.0
weighted avg,0.8749549326802362,0.8751671816031453,0.9077598106882272,20284.0
