,f1-score,precision,recall,support
0.0,0.9512921408061257,0.9177182722889095,0.9874158295617618,18118.0
1.0,0.0,0.0,0.0,556.0
2.0,0.4395198522622345,0.6629526462395543,0.3287292817679558,1448.0
3.0,0.2393162393162393,0.3888888888888889,0.1728395061728395,162.0
accuracy,0.9068231118122658,0.9068231118122658,0.9068231118122658,0.9068231118122658
macro avg,0.4075320580961499,0.49238995185433815,0.37224615437563924,20284.0
weighted avg,0.8829966961137019,0.8701525877088019,0.9068231118122658,20284.0
