,f1-score,precision,recall,support
0.0,0.9575893452905223,0.9271280169517805,0.9901203223313831,18118.0
1.0,0.13961038961038963,0.7166666666666667,0.07733812949640288,556.0
2.0,0.5651984300043611,0.7668639053254438,0.44751381215469616,1448.0
3.0,0.28125,0.9,0.16666666666666666,162.0
accuracy,0.9197889962532045,0.9197889962532045,0.9197889962532045,0.9197889962532045
macro avg,0.48591204122631826,0.8276646472359727,0.42040973266228726,20284.0
weighted avg,0.9017549280833849,0.9097017852844739,0.9197889962532045,20284.0
