,f1-score,precision,recall,support
0.0,0.9448331891920225,0.8995458855232297,0.9949221768407109,18118.0
1.0,0.0,0.0,0.0,556.0
2.0,0.17838157117542824,0.6163265306122448,0.1042817679558011,1448.0
3.0,0.0,0.0,0.0,162.0
accuracy,0.8961250246499705,0.8961250246499705,0.8961250246499705,0.8961250246499705
macro avg,0.2808036900918627,0.3789681040338686,0.274800986199128,20284.0
weighted avg,0.8566744348670422,0.847486352309032,0.8961250246499705,20284.0
