,f1-score,precision,recall,support
0.0,0.944169058178972,0.8952602414407282,0.9987305442101777,18118.0
1.0,0.0,0.0,0.0,556.0
2.0,0.06184210526315789,0.6527777777777778,0.0324585635359116,1448.0
3.0,0.0,0.0,0.0,162.0
accuracy,0.8943995267205679,0.8943995267205679,0.8943995267205679,0.8943995267205679
macro avg,0.25150279086053245,0.3870095048046265,0.2577972769365223,20284.0
weighted avg,0.8477618992559488,0.8462604652260567,0.8943995267205679,20284.0
