,f1-score,precision,recall,support
0.0,0.950798990748528,0.9075765178123432,0.9983441881002318,18118.0
1.0,0.0,0.0,0.0,556.0
2.0,0.3518312985571587,0.8954802259887006,0.21892265193370167,1448.0
3.0,0.0,0.0,0.0,162.0
accuracy,0.9073654111615066,0.9073654111615066,0.9073654111615066,0.9073654111615066
macro avg,0.3256575723264217,0.4507641859502609,0.30431671000848337,20284.0
weighted avg,0.8743851229881974,0.8745871976412773,0.9073654111615066,20284.0
