,f1-score,precision,recall,support
0.0,0.9686846479704007,0.941866527632951,0.9970747323104096,18118.0
1.0,0.5051282051282051,0.8794642857142857,0.35431654676258995,556.0
2.0,0.6920744911216977,0.9279907084785134,0.5517955801104972,1448.0
3.0,0.1988950276243094,0.9473684210526315,0.1111111111111111,162.0
accuracy,0.9405935712877145,0.9405935712877145,0.9405935712877145,0.9405935712877145
macro avg,0.5911955929611532,0.9241724857195954,0.5035744925736519,20284.0
weighted avg,0.9300840362649553,0.9392094320941806,0.9405935712877145,20284.0
