,f1-score,precision,recall,support
0.0,0.9872293779117567,0.9804049640757675,0.9941494646208191,18118.0
1.0,0.7673716012084593,0.8718535469107551,0.685251798561151,556.0
2.0,0.9072609633357297,0.9460269865067467,0.8715469613259669,1448.0
3.0,0.7128712871287127,0.7659574468085106,0.6666666666666666,162.0
accuracy,0.974314730822323,0.974314730822323,0.974314730822323,0.974314730822323
macro avg,0.8436833073961646,0.891060736075445,0.8044037227936509,20284.0
weighted avg,0.9733030715195277,0.9732626648615601,0.974314730822323,20284.0
