,f1-score,precision,recall,support
0.0,0.9563098911807699,0.9383765405864853,0.9749420465835081,18118.0
1.0,0.0379746835443038,0.15789473684210525,0.02158273381294964,556.0
2.0,0.636231884057971,0.6692073170731707,0.606353591160221,1448.0
3.0,0.3418803418803419,0.5555555555555556,0.24691358024691357,162.0
accuracy,0.91668309998028,0.91668309998028,0.91668309998028,0.91668309998028
macro avg,0.49309920016584663,0.5802585375143292,0.4624479879508981,20284.0
weighted avg,0.9033812322995654,0.8947105024231957,0.91668309998028,20284.0
