,f1-score,precision,recall,support
0.0,0.8371373551788364,0.9778744745187699,0.731813665967546,18118.0
1.0,0.36858974358974356,0.2621580547112462,0.6205035971223022,556.0
2.0,0.4481017392930615,0.30725827135162864,0.8273480662983426,1448.0
3.0,0.1722488038277512,0.09536423841059603,0.8888888888888888,162.0
accuracy,0.7368369157957011,0.7368369157957011,0.7368369157957011,0.7368369157957011
macro avg,0.4565194104723482,0.4106637597480602,0.7671385545692699,20284.0
weighted avg,0.7912120944233141,0.9033350715485209,0.7368369157957011,20284.0
