,f1-score,precision,recall,support
0.0,0.65817019869982,0.9836425513228675,0.49453582073076496,18118.0
1.0,0.12678450033990482,0.0700075075075075,0.670863309352518,556.0
2.0,0.4534606205250597,0.3305915849414742,0.7216850828729282,1448.0
3.0,0.10252808988764045,0.054355919583023084,0.9012345679012346,162.0
accuracy,0.5188325774009072,0.5188325774009072,0.5188325774009072,0.5188325774009072
macro avg,0.3352358523631062,0.35964939083871805,0.6970796952143614,20284.0
weighted avg,0.6245533608417674,0.9045583806453161,0.5188325774009072,20284.0
