,f1-score,precision,recall,support
0.0,0.9697541005682889,0.946978065330598,0.9936527210508886,18118.0
1.0,0.43358395989974935,0.7148760330578512,0.31115107913669066,556.0
2.0,0.7052410901467505,0.8975453575240128,0.5808011049723757,1448.0
3.0,0.34375,0.46808510638297873,0.2716049382716049,162.0
accuracy,0.9397061723525931,0.9397061723525931,0.9397061723525931,0.9397061723525931
macro avg,0.6130822876536972,0.7568711405738602,0.5393024608578899,20284.0
weighted avg,0.9311750184545953,0.9332624298446436,0.9397061723525931,20284.0
