,f1-score,precision,recall,support
0.0,0.6580889034274706,0.9635976583288983,0.4996688376200464,18118.0
1.0,0.20924092409240924,0.12813257881972515,0.5701438848920863,556.0
2.0,0.49256292906178495,0.42041015625,0.5946132596685083,1448.0
3.0,0.04778679736559963,0.02450133500863829,0.9629629629629629,162.0
accuracy,0.5120784855058174,0.5120784855058174,0.5120784855058174,0.5120784855058174
macro avg,0.3519198884868161,0.38416043210181544,0.656847236285901,20284.0
weighted avg,0.6290951138113283,0.8944205881457378,0.5120784855058174,20284.0
