,f1-score,precision,recall,support
0.0,0.9493080009827204,0.9391304347826087,0.9597085771056408,18118.0
1.0,0.14701803051317616,0.3212121212121212,0.09532374100719425,556.0
2.0,0.6132707774798927,0.595703125,0.6319060773480663,1448.0
3.0,0.1391304347826087,0.23529411764705882,0.09876543209876543,162.0
accuracy,0.9057385131137843,0.9057385131137843,0.9057385131137843,0.9057385131137843
macro avg,0.4621818109395995,0.5228349496604472,0.4464259568899167,20284.0
weighted avg,0.8968576021985764,0.8920555575253437,0.9057385131137843,20284.0
