,f1-score,precision,recall,support
0.0,0.9481269538494146,0.9116568167923375,0.9876366044817309,18118.0
1.0,0.010221465076660989,0.0967741935483871,0.00539568345323741,556.0
2.0,0.3540762180414857,0.5872,0.2534530386740331,1448.0
3.0,0.0,0.0,0.0,162.0
accuracy,0.9004141195030566,0.9004141195030566,0.9004141195030566,0.9004141195030566
macro avg,0.32810615924189035,0.3989077525851812,0.31162133165225037,20284.0
weighted avg,0.8724388507271934,0.8588774530791004,0.9004141195030566,20284.0
