,f1-score,precision,recall,support
0.0,0.7140038128365498,0.906035141329259,0.5891378739375207,18118.0
1.0,0.11449016100178892,0.0761904761904762,0.2302158273381295,556.0
2.0,0.279838165879973,0.2733860342555995,0.2866022099447514,1448.0
3.0,0.04902140113407719,0.02525918944392083,0.8271604938271605,162.0
accuracy,0.5596036284756458,0.5596036284756458,0.5596036284756458,0.5596036284756458
macro avg,0.28933838521309724,0.3202177103048139,0.48327910126189055,20284.0
weighted avg,0.6612662562447016,0.8310915776798186,0.5596036284756458,20284.0
