,f1-score,precision,recall,support
0.0,0.9496263275206503,0.9045811060598491,0.999392868970085,18118.0
1.0,0.0,0.0,0.0,556.0
2.0,0.27405247813411077,0.8801498127340824,0.162292817679558,1448.0
3.0,0.0,0.0,0.0,162.0
accuracy,0.9042595148885821,0.9042595148885821,0.9042595148885821,0.9042595148885821
macro avg,0.3059197014136903,0.4461827296984829,0.29042142166241075,20284.0
weighted avg,0.8677853377222113,0.8708172652549446,0.9042595148885821,20284.0
