,f1-score,precision,recall,support
0.0,0.8186563087940766,0.9092073335130763,0.7445082238657689,18118.0
1.0,0.18235078725741485,0.11448275862068966,0.447841726618705,556.0
2.0,0.24223840551935608,0.2721791559000861,0.21823204419889503,1448.0
3.0,0.020228671943711522,0.010890151515151516,0.1419753086419753,162.0
accuracy,0.6939952672056794,0.6939952672056794,0.6939952672056794,0.6939952672056794
macro avg,0.31586854337863973,0.3266898498872509,0.38813932583133604,20284.0
weighted avg,0.7536896221895638,0.8347737381518339,0.6939952672056794,20284.0
