,f1-score,precision,recall,support
0.0,0.9177579003448953,0.932744371615845,0.9032453913235456,18118.0
1.0,0.2590866728797763,0.2688588007736944,0.25,556.0
2.0,0.39922480620155043,0.3331792975970425,0.4979281767955801,1448.0
3.0,0.06363636363636364,0.1206896551724138,0.043209876543209874,162.0
accuracy,0.8495365805561034,0.8495365805561034,0.8495365805561034,0.8495365805561034
macro avg,0.40992643576564647,0.4138680312897489,0.4235958611655839,20284.0
weighted avg,0.8558655313971061,0.8652604695930045,0.8495365805561034,20284.0
