,f1-score,precision,recall,support
0.0,0.596851162965468,0.9349028840494409,0.4383486035986312,18118.0
1.0,0.26805385556915545,0.20315398886827457,0.39388489208633093,556.0
2.0,0.3081220455522131,0.2236431690580162,0.4951657458563536,1448.0
3.0,0.04043302465110212,0.020652898067954697,0.9567901234567902,162.0
accuracy,0.44532636560836125,0.44532636560836125,0.44532636560836125,0.44532636560836125
macro avg,0.3033650221844847,0.3455882350109216,0.5710473412495265,20284.0
weighted avg,0.5627833852424513,0.8567691357376032,0.44532636560836125,20284.0
