,f1-score,precision,recall,support
0.0,0.9518379358364645,0.9083295722381024,0.9997240313500386,18118.0
1.0,0.0,0.0,0.0,556.0
2.0,0.3740926856504746,0.9766763848396501,0.231353591160221,1448.0
3.0,0.0,0.0,0.0,162.0
accuracy,0.9094853086176297,0.9094853086176297,0.9094853086176297,0.9094853086176297
macro avg,0.33148265537173477,0.47125148926943816,0.3077694056275649,20284.0
weighted avg,0.8769022840813918,0.881056132668988,0.9094853086176297,20284.0
