,f1-score,precision,recall,support
0.0,0.9893269679260296,0.9836324949533526,0.9950877580306877,18118.0
1.0,0.7748478701825557,0.8883720930232558,0.6870503597122302,556.0
2.0,0.9300847457627119,0.9515895953757225,0.9095303867403315,1448.0
3.0,0.7326732673267328,0.7872340425531915,0.6851851851851852,162.0
accuracy,0.9780615263261684,0.9780615263261684,0.9780615263261684,0.9780615263261684
macro avg,0.8567332127995075,0.9027070564763805,0.8192134224171086,20284.0
weighted avg,0.9771690594496472,0.9771653557623464,0.9780615263261684,20284.0
