,f1-score,precision,recall,support
0.0,0.7320767087362727,0.9014289174134172,0.616293189093719,18118.0
1.0,0.11618625277161863,0.07710417892878163,0.2356115107913669,556.0
2.0,0.2527322404371585,0.25,0.255524861878453,1448.0
3.0,0.04959016393442623,0.025646460364561256,0.7469135802469136,162.0
accuracy,0.5811477026227568,0.5811477026227568,0.5811477026227568,0.5811477026227568
macro avg,0.287646341469869,0.31354488917669,0.46358578550261315,20284.0
weighted avg,0.6755253034971007,0.8253359187418533,0.5811477026227568,20284.0
