,f1-score,precision,recall,support
0.0,0.9680768510342245,0.9395418895756505,0.9983993818302241,18118.0
1.0,0.1485148514851485,0.9,0.08093525179856115,556.0
2.0,0.7451626183614657,0.9225280326197758,0.625,1448.0
3.0,0.0,0.0,0.0,162.0
accuracy,0.9386215736541116,0.9386215736541116,0.9386215736541116,0.9386215736541116
macro avg,0.4654385802202097,0.6905174805488565,0.4260836584071963,20284.0
weighted avg,0.9219673691506225,0.9297397232579901,0.9386215736541116,20284.0
