,f1-score,precision,recall,support
0.0,0.9319500521404315,0.9038431616617395,0.9618611325753395,18118.0
1.0,0.08086253369272237,0.16129032258064516,0.0539568345323741,556.0
2.0,0.21164962205424634,0.29712858926342073,0.1643646408839779,1448.0
3.0,0.011235955056179775,0.0625,0.006172839506172839,162.0
accuracy,0.8724117531058962,0.8724117531058962,0.8724117531058962,0.8724117531058962
macro avg,0.308924540735895,0.3561905183764514,0.2965888618744661,20284.0
weighted avg,0.8498481310819926,0.8334586383157004,0.8724117531058962,20284.0
