,f1-score,precision,recall,support
0.0,0.9416831993317323,0.8933630510153542,0.9955293078706259,18118.0
1.0,0.0,0.0,0.0,556.0
2.0,0.01686121919584955,0.13829787234042554,0.008977900552486187,1448.0
3.0,0.0,0.0,0.0,162.0
accuracy,0.8898639321632814,0.8898639321632814,0.8898639321632814,0.8898639321632814
macro avg,0.23963610463189547,0.2579152308389449,0.25112680210577804,20284.0
weighted avg,0.8423304698722105,0.8078390395111972,0.8898639321632814,20284.0
