,f1-score,precision,recall,support
0.0,0.9680321285140563,0.939995840266223,0.9977922508003091,18118.0
1.0,0.014234875444839859,0.6666666666666666,0.007194244604316547,556.0
2.0,0.7578187650360867,0.9034416826003824,0.6526243093922652,1448.0
3.0,0.0,0.0,0.0,162.0
accuracy,0.9380299743640308,0.9380299743640308,0.9380299743640308,0.9380299743640308
macro avg,0.4350214422487457,0.627526047383318,0.41440270119922273,20284.0
weighted avg,0.9191501807797898,0.9223868495866422,0.9380299743640308,20284.0
