,f1-score,precision,recall,support
0.0,0.9717052586020343,0.9528381962864721,0.9913345843912131,18118.0
1.0,0.5590200445434299,0.7339181286549707,0.45143884892086333,556.0
2.0,0.7756232686980609,0.9082483781278962,0.6767955801104972,1448.0
3.0,0.12571428571428572,0.8461538461538461,0.06790123456790123,162.0
accuracy,0.9467067639518832,0.9467067639518832,0.9467067639518832,0.9467067639518832
macro avg,0.6080157143894528,0.8602896373057963,0.5468675619976187,20284.0
weighted avg,0.939639086347777,0.9428022823139707,0.9467067639518832,20284.0
